brand,size,color,upc,sku
Antron Yarn,Standard,Black,053526423167,1264-42316
Antron Yarn,Standard,Brown,053526423341,1264-42334
Antron Yarn,Standard,Brown Olive,053526423143,1264-42314
Antron Yarn,Standard,Burnt Orange,053526423051,1264-42305
Antron Yarn,Standard,Caddis Green,053526423358,1264-42335
Antron Yarn,Standard,Copper Brown,053526423075,1264-42307
Antron Yarn,Standard,Cream,053526423020,1264-42302
Antron Yarn,Standard,Dark Brown,053526423105,1264-42310
Antron Yarn,Standard,Fire Orange,053526423273,1264-42327
Antron Yarn,Standard,Fluorescent Bright White,053526423372,1264-42337
Antron Yarn,Standard,Fluorescent Cerise,053526423303,1264-42330
Antron Yarn,Standard,Fluorescent Chartreuse,053526423297,1264-42329
Antron Yarn,Standard,Fluorescent Green,053526423365,1264-42336
Antron Yarn,Standard,Fluorescent Orange,053526423266,1264-42326
Antron Yarn,Standard,Fluorescent Pink,053526423334,1264-42333
Antron Yarn,Standard,Fluorescent Red,053526423242,1264-42324
Antron Yarn,Standard,Fluorescent Shell Pink,053526423280,1264-42328
Antron Yarn,Standard,Fluorescent Yellow,053526423259,1264-42325
Antron Yarn,Standard,Golden Brown,053526423327,1264-42332
Antron Yarn,Standard,Golden Yellow,053526423044,1264-42304
Antron Yarn,Standard,Gray Brown,053526423310,1264-42331
Antron Yarn,Standard,Gray Dun,053526423402,1264-42340
Antron Yarn,Standard,Light Gray,053526423068,1264-42306
Antron Yarn,Standard,Medium Olive,053526423228,1264-42322
Antron Yarn,Standard,Olive Dun,053526423235,1264-42323
Antron Yarn,Standard,Olive Green,053526423389,1264-42338
Antron Yarn,Standard,P.M.D Shuck Olive,053526423204,1264-42320
Antron Yarn,Standard,Purple,053526423150,1264-42315
Antron Yarn,Standard,Red,053526423112,1264-42311
Antron Yarn,Standard,Rusty Orange,053526423211,1264-42321
Antron Yarn,Standard,Steel Gray,053526423198,1264-42319
Antron Yarn,Standard,Tan,053526423082,1264-42308
Antron Yarn,Standard,White,053526423013,1264-42301
Antron Yarn,Standard,Wine,053526423129,1264-42312
Antron Yarn,Standard,Yellow,053526423037,1264-42303
UTC Thread,70 Denier,Black,053526300123,1264-30012
UTC Thread,70 Denier,Blue Dun,053526300055,1264-30005
UTC Thread,70 Denier,Brown,053526300253,1264-30025
UTC Thread,70 Denier,Brown Olive,053526300116,1264-30011
UTC Thread,70 Denier,Burnt Orange,053526300192,1264-30019
UTC Thread,70 Denier,Cream,053526300024,1264-30002
UTC Thread,70 Denier,Dark Brown,053526300093,1264-30009
UTC Thread,70 Denier,Dark Gray,053526300291,1264-30029
UTC Thread,70 Denier,Fluorescent Cerise,053526300246,1264-30024
UTC Thread,70 Denier,Fluorescent Chartreuse,053526300178,1264-30017
UTC Thread,70 Denier,Fluorescent Fire Orange,053526300161,1264-30016
UTC Thread,70 Denier,Fluorescent Green,053526300222,1264-30022
UTC Thread,70 Denier,Fluorescent Orange,053526300154,1264-30015
UTC Thread,70 Denier,Fluorescent Pink,053526300185,1264-30018
UTC Thread,70 Denier,Fluorescent Shell Pink,053526300239,1264-30023
UTC Thread,70 Denier,Fluorescent White,053526300338,1264-30033
UTC Thread,70 Denier,Fluorescent Yellow,053526300215,1264-30021
UTC Thread,70 Denier,Gray Brown,053526300130,1264-30013
UTC Thread,70 Denier,Hopper Yellow,053526300048,1264-30004
UTC Thread,70 Denier,Light Olive,053526300802,1264-30080
UTC Thread,70 Denier,Light Tan,053526300345,1264-30034
UTC Thread,70 Denier,Olive,053526300109,1264-30010
UTC Thread,70 Denier,Olive Green,053526300147,1264-30014
UTC Thread,70 Denier,Peacock Blue,053526300314,1264-30031
UTC Thread,70 Denier,Purple,053526300284,1264-30028
UTC Thread,70 Denier,Red,053526300086,1264-30008
UTC Thread,70 Denier,Rusty Brown,053526300079,1264-30007
UTC Thread,70 Denier,Tan,053526300062,1264-30006
UTC Thread,70 Denier,Watery Olive,053526300321,1264-30032
UTC Thread,70 Denier,White,053526300017,1264-30001
UTC Thread,70 Denier,Wine,053526300260,1264-30026
UTC Thread,70 Denier,Wood Duck,053526300307,1264-30030
UTC Thread,70 Denier,Yellow,053526300031,1264-30003
UTC Thread,70 Denier,Yellow Olive,053526300277,1264-30027
UTC Thread,140 Denier,Black,053526301120,1264-30112
UTC Thread,140 Denier,Blue Dun,053526301052,1264-30105
UTC Thread,140 Denier,Brown,053526301250,1264-30125
UTC Thread,140 Denier,Brown Olive,053526301113,1264-30111
UTC Thread,140 Denier,Burnt Orange,053526301199,1264-30119
UTC Thread,140 Denier,Cream,053526301021,1264-30102
UTC Thread,140 Denier,Dark Brown,053526301090,1264-30109
UTC Thread,140 Denier,Dark Gray,053526301298,1264-30129
UTC Thread,140 Denier,Fluorescent Cerise,053526301243,1264-30124
UTC Thread,140 Denier,Fluorescent Chartreuse,053526301175,1264-30117
UTC Thread,140 Denier,Fluorescent Fire Orange,053526301168,1264-30116
UTC Thread,140 Denier,Fluorescent Green,053526301229,1264-30122
UTC Thread,140 Denier,Fluorescent Orange,053526301151,1264-30115
UTC Thread,140 Denier,Fluorescent Pink,053526301182,1264-30118
UTC Thread,140 Denier,Fluorescent Red,053526301205,1264-30120
UTC Thread,140 Denier,Fluorescent Shell Pink,053526301236,1264-30123
UTC Thread,140 Denier,Fluorescent White,053526301335,1264-30133
UTC Thread,140 Denier,Fluorescent Yellow,053526301212,1264-30121
UTC Thread,140 Denier,Gray Brown,053526301137,1264-30113
UTC Thread,140 Denier,Hopper Yellow,053526301045,1264-30104
UTC Thread,140 Denier,Light Olive,053526301342,1264-30134
UTC Thread,140 Denier,Olive,053526301106,1264-30110
UTC Thread,140 Denier,Olive Green,053526301144,1264-30114
UTC Thread,140 Denier,Peacock Blue,053526301311,1264-30131
UTC Thread,140 Denier,Purple,053526301281,1264-30128
UTC Thread,140 Denier,Red,053526301083,1264-30108
UTC Thread,140 Denier,Rusty Brown,053526301076,1264-30107
UTC Thread,140 Denier,Tan,053526301069,1264-30106
UTC Thread,140 Denier,Watery Olive,053526301328,1264-30132
UTC Thread,140 Denier,White,053526301014,1264-30101
UTC Thread,140 Denier,Wine,053526301267,1264-30126
UTC Thread,140 Denier,Wood Duck,053526301304,1264-30130
UTC Thread,140 Denier,Yellow,053526301038,1264-30103
UTC Thread,140 Denier,Yellow Olive,053526301274,1264-30127
UTC Thread,210 Denier,Black,053526421088,1264-42108
UTC Thread,210 Denier,Brown,053526421217,1264-42121
UTC Thread,210 Denier,Burnt Orange,053526421194,1264-42119
UTC Thread,210 Denier,Dark Brown,053526421064,1264-42106
UTC Thread,210 Denier,Fluorescent Cerise,053526421187,1264-42118
UTC Thread,210 Denier,Fluorescent Chartreuse,053526421163,1264-42116
UTC Thread,210 Denier,Fluorescent Fire Orange,053526421149,1264-42114
UTC Thread,210 Denier,Fluorescent Green,053526421132,1264-42113
UTC Thread,210 Denier,Fluorescent Orange,053526421125,1264-42112
UTC Thread,210 Denier,Fluorescent Pink,053526421170,1264-42117
UTC Thread,210 Denier,Fluorescent Red,053526421101,1264-42110
UTC Thread,210 Denier,Fluorescent Shell Pink,053526421156,1264-42115
UTC Thread,210 Denier,Fluorescent Yellow,053526421118,1264-42111
UTC Thread,210 Denier,Gray,053526421200,1264-42120
UTC Thread,210 Denier,Light Olive,053526421224,1264-42122
UTC Thread,210 Denier,Olive,053526421071,1264-42107
UTC Thread,210 Denier,Olive Green,053526421095,1264-42109
UTC Thread,210 Denier,Peacock Blue,053526421248,1264-42124
UTC Thread,210 Denier,Purple,053526421231,1264-42123
UTC Thread,210 Denier,Red,053526421057,1264-42105
UTC Thread,210 Denier,Rusty Brown,053526421040,1264-42104
UTC Thread,210 Denier,Tan,053526421033,1264-42103
UTC Thread,210 Denier,White,053526421019,1264-42101
UTC Thread,210 Denier,Yellow,053526421026,1264-42102
UTC Thread,280 Denier,Black,053526377071,1264-37707
UTC Thread,280 Denier,Burnt Orange,053526377118,1264-37711
UTC Thread,280 Denier,Dark Brown,053526377057,1264-37705
UTC Thread,280 Denier,Fluorescent Cerise,053526377200,1264-37720
UTC Thread,280 Denier,Fluorescent Chartreuse,053526377101,1264-37710
UTC Thread,280 Denier,Fluorescent Fire Orange,053526377095,1264-37709
UTC Thread,280 Denier,Fluorescent Green,053526377170,1264-37717
UTC Thread,280 Denier,Fluorescent Orange,053526377163,1264-37716
UTC Thread,280 Denier,Fluorescent Pink,053526377194,1264-37719
UTC Thread,280 Denier,Fluorescent Red,053526377156,1264-37715
UTC Thread,280 Denier,Fluorescent Shell Pink,053526377187,1264-37718
UTC Thread,280 Denier,Fluorescent Yellow,053526377088,1264-37708
UTC Thread,280 Denier,Gray,053526377125,1264-37712
UTC Thread,280 Denier,Olive,053526377064,1264-37706
UTC Thread,280 Denier,Olive Green,053526377149,1264-37714
UTC Thread,280 Denier,Red,053526377040,1264-37704
UTC Thread,280 Denier,Rusty Brown,053526377132,1264-37713
UTC Thread,280 Denier,Tan,053526377033,1264-37703
UTC Thread,280 Denier,White,053526377019,1264-37701
UTC Thread,280 Denier,Yellow,053526377026,1264-37702
UTC Thread,200 Denier Kevlar,Natural Yellow,053526266016,1264-26601
UTC Thread,Monofilament 0.004,Clear,053526285017,1264-28501
UTC Thread,Monofilament 0.004,Smoke,053526285031,1264-28503
UTC Thread,Monofilament 0.006,Clear,053526285024,1264-28502
UTC Thread,Monofilament 0.006,Smoke,053526285048,1264-28504
UTC Wire,Brassie,Amber,762820057830,939-05783
UTC Wire,Brassie,Black,762820057847,939-05784
UTC Wire,Brassie,Blue,762820069338,939-06933
UTC Wire,Brassie,Brown,053526378542,939-378542
UTC Wire,Brassie,Cerise,053526378825,939-378825
UTC Wire,Brassie,Chartreuse,762820057915,939-05791
UTC Wire,Brassie,Copper,762820057861,939-05786
UTC Wire,Brassie,Copper Brown,762820066450,939-06645
UTC Wire,Brassie,Dun,053526378801,939-378801
UTC Wire,Brassie,Fuchsia,053526378818,939-378818
UTC Wire,Brassie,Ginger,053526378535,939-378535
UTC Wire,Brassie,Gold,762820057922,939-05792
UTC Wire,Brassie,Golden Olive,053526378726,939-378726
UTC Wire,Brassie,Gray,053526378511,939-378511
UTC Wire,Brassie,Green,762820057878,939-05787
UTC Wire,Brassie,Gun Metal Blue,053526378771,939-378771
UTC Wire,Brassie,Hot Orange Metallic,053526378665,939-378665
UTC Wire,Brassie,Hot Yellow,762820057946,939-05794
UTC Wire,Brassie,Olive,762820057885,939-05788
UTC Wire,Brassie,Pink,053526378610,939-378610
UTC Wire,Brassie,Purple,053526378788,939-378788
UTC Wire,Brassie,Red,762820057892,939-05789
UTC Wire,Brassie,Rust,053526378634,939-378634
UTC Wire,Brassie,Sculpin Olive,053526378795,939-378795
UTC Wire,Brassie,Silver,762820057953,939-05795
UTC Wire,Brassie,Tan,053526378719,939-378719
UTC Wire,Brassie,White,762820089237,939-08923
UTC Wire,Brassie,Wine Metallic,053526378559,939-378559
UTC Wire,Small,Amber,762820057700,939-05770
UTC Wire,Small,Black,762820057717,939-05771
UTC Wire,Small,Blue,762820069314,939-06931
UTC Wire,Small,Brown,762820057724,939-05772
UTC Wire,Small,Chartreuse,762820057786,939-05778
UTC Wire,Small,Copper,762820057731,939-05773
UTC Wire,Small,Copper Brown,762820066443,939-06644
UTC Wire,Small,Fuchsia,053526378375,939-378375
UTC Wire,Small,Ginger,053526378030,939-378030
UTC Wire,Small,Gold,762820057793,939-05779
UTC Wire,Small,Golden Olive,053526378221,939-378221
UTC Wire,Small,Gray,053526378016,939-378016
UTC Wire,Small,Green,762820057748,939-05774
UTC Wire,Small,Gun Metal Blue,053526378276,939-378276
UTC Wire,Small,Hot Orange,762820057809,939-05780
UTC Wire,Small,Hot Yellow,762820057816,939-05781
UTC Wire,Small,Olive,762820057755,939-05775
UTC Wire,Small,Pink,053526378115,939-378115
UTC Wire,Small,Purple,053526378351,939-378351
UTC Wire,Small,Red,762820057762,939-05776
UTC Wire,Small,Rust,053526378139,939-378139
UTC Wire,Small,Sculpin Olive,053526378368,939-378368
UTC Wire,Small,Silver,762820057823,939-05782
UTC Wire,Small,Tan,053526378214,939-378214
UTC Wire,Small,White,762820089251,939-08925
UTC Wire,Small,Wine,762820057779,939-05777
UTC Wire,Medium,Amber,762820057960,939-05796
UTC Wire,Medium,Black,762820057977,939-05797
UTC Wire,Medium,Blue,762820069321,939-06932
UTC Wire,Medium,Brown,762820057984,939-05798
UTC Wire,Medium,Cerise,053526379327,939-379327
UTC Wire,Medium,Chartreuse,762820058035,939-05803
UTC Wire,Medium,Copper,762820057991,939-05799
UTC Wire,Medium,Copper Brown,762820066467,939-06646
UTC Wire,Medium,Dun,053526379303,939-379303
UTC Wire,Medium,Fuchsia,053526379310,939-379310
UTC Wire,Medium,Ginger,053526379037,939-379037
UTC Wire,Medium,Gold,762820058042,939-05804
UTC Wire,Medium,Golden Olive,053526379228,939-379228
UTC Wire,Medium,Gray,053526379013,939-379013
UTC Wire,Medium,Green,762820058004,939-05800
UTC Wire,Medium,Gun Metal Blue,053526379273,939-379273
UTC Wire,Medium,Hot Orange,762820058059,939-05805
UTC Wire,Medium,Hot Yellow,762820058066,939-05806
UTC Wire,Medium,Olive,762820058011,939-058011
UTC Wire,Medium,Pink,053526379112,939-379112
UTC Wire,Medium,Purple,053526379280,939-379280
UTC Wire,Medium,Red,762820058012,939-058012
UTC Wire,Medium,Rust,053526379136,939-379136
UTC Wire,Medium,Sculpin Olive,053526379297,939-379297
UTC Wire,Medium,Silver,762820058073,939-05807
UTC Wire,Medium,Tan,053526379211,939-379211
UTC Wire,Medium,White,053526379143,939-379143
UTC Wire,Medium,Wine,762820058028,939-05802
UTC Wire,Large,Amber,053526379624,939-379624
UTC Wire,Large,Black,053526379600,939-379600
UTC Wire,Large,Blue Metallic,053526379587,939-379587
UTC Wire,Large,Brown,053526379549,939-379549
UTC Wire,Large,Cerise,053526379778,939-379778
UTC Wire,Large,Chartreuse Metallic,053526379679,939-379679
UTC Wire,Large,Copper,053526379525,939-379525
UTC Wire,Large,Copper Brown,053526379709,939-379709
UTC Wire,Large,Dun,053526379754,939-379754
UTC Wire,Large,Fuchsia,053526379761,939-379761
UTC Wire,Large,Gold,053526379686,939-379686
UTC Wire,Large,Golden Olive,053526379723,939-379723
UTC Wire,Large,Gray,053526379518,939-379518
UTC Wire,Large,Green Metallic,053526379570,939-379570
UTC Wire,Large,Gun Metal Blue,053526379815,939-379815
UTC Wire,Large,Hot Orange Metallic,053526379662,939-379662
UTC Wire,Large,Hot Yellow Metallic,053526379655,939-379655
UTC Wire,Large,Olive,053526379785,939-379785
UTC Wire,Large,Pink,053526379808,939-379808
UTC Wire,Large,Purple,053526379730,939-379730
UTC Wire,Large,Red Metallic,053526379563,939-379563
UTC Wire,Large,Rust,053526379631,939-379631
UTC Wire,Large,Sculpin Olive,053526379747,939-379747
UTC Wire,Large,Silver,053526379693,939-379693
UTC Wire,Large,Tan,053526379716,939-379716
UTC Wire,Large,White,053526379648,939-379648
UTC Wire,Large,Wine Metallic,053526379556,939-379556
UTC Wire,XS,Amber,053526398229,939-398229
UTC Wire,XS,Black,762820074530,939-07453
UTC Wire,XS,Chartreuse Metallic,053526398175,939-398175
UTC Wire,XS,Copper,762820074486,939-07448
UTC Wire,XS,Gold,762820074554,939-07455
UTC Wire,XS,Green Metallic,053526398076,939-398076
UTC Wire,XS,Gun Metal Blue,053526398274,939-398274
UTC Wire,XS,Red,762820074509,939-07450
UTC Wire,XS,Silver,762820074561,939-07456
Veevus,6/0,Black,762820145124,939-14512
Veevus,6/0,Brown,762820157929,939-15792
Veevus,6/0,Fluorescent Green,762820153402,939-15340
Veevus,6/0,Fluorescent Orange,762820153396,939-15339
Veevus,6/0,Fluorescent Yellow Chartreuse,762820153389,939-15338
Veevus,6/0,Light Cahill,762820148637,939-14863
Veevus,6/0,Light Olive,762820157936,939-15793
Veevus,6/0,Olive,762820157912,939-15791
Veevus,6/0,Pink,762820148644,939-14864
Veevus,6/0,Red,762820145131,939-14513
Veevus,6/0,Rusty Brown,762820148651,939-14865
Veevus,6/0,Silver Doctor Blue,762820148668,939-14866
Veevus,6/0,White,762820145148,939-14514
Veevus,8/0,Black,762820145452,939-14545
Veevus,8/0,Brown,762820148736,939-14873
Veevus,8/0,Fluorescent Green,762820153372,939-15337
Veevus,8/0,Fluorescent Orange,762820153365,939-15336
Veevus,8/0,Fluorescent Yellow Chartreuse,762820153358,939-15335
Veevus,8/0,Light Cahill,762820148675,939-14867
Veevus,8/0,Light Olive,762820157905,939-15790
Veevus,8/0,Olive,762820148682,939-14868
Veevus,8/0,Orange,762820148699,939-14869
Veevus,8/0,Pink,762820148705,939-14870
Veevus,8/0,Purple,762820149627,939-149627
Veevus,8/0,Red,762820145162,939-14516
Veevus,8/0,Rusty Brown,762820148712,939-14871
Veevus,8/0,Tan,762820148729,939-14872
Veevus,8/0,White,762820145179,939-14517
Veevus,10/0,Black,762820145186,939-14518
Veevus,10/0,Brown,762820148538,939-14853
Veevus,10/0,Fluorescent Green,762820153341,939-15334
Veevus,10/0,Fluorescent Orange,762820153334,939-15333
Veevus,10/0,Fluorescent Yellow Chartreuse,762820153327,939-15332
Veevus,10/0,Hot Orange,762820148460,939-14846
Veevus,10/0,Light Cahill,762820148477,939-14847
Veevus,10/0,Olive,762820148484,939-14848
Veevus,10/0,Orange,762820148491,939-14849
Veevus,10/0,Pink,762820148507,939-14850
Veevus,10/0,Purple,762820149580,939-149580
Veevus,10/0,Red,762820145193,939-14519
Veevus,10/0,Rusty Brown,762820148514,939-14851
Veevus,10/0,Sunburst Yellow,762820148521,939-14852
Veevus,10/0,White,762820145209,939-14520
Veevus,12/0,Black,762820145216,939-14521
Veevus,12/0,Dark Olive,762820148552,939-14855
Veevus,12/0,Dun,762820145223,939-14522
Veevus,12/0,Fluorescent Green,762820153310,939-15331
Veevus,12/0,Fluorescent Orange,762820153303,939-15330
Veevus,12/0,Fluorescent Yellow Chartreuse,762820153297,939-15329
Veevus,12/0,Light Cahill,762820145230,939-14523
Veevus,12/0,Light Olive,762820160141,939-16014
Veevus,12/0,Olive,762820158193,939-15819
Veevus,12/0,Pink,762820153679,939-15367
Veevus,12/0,Red,762820145254,939-14525
Veevus,12/0,Tan,762820148545,939-14854
Veevus,12/0,White,762820145261,939-14526
Veevus,14/0,Black,762820145278,939-14527
Veevus,14/0,Brown,762820145339,939-14533
Veevus,14/0,Dun,762820145285,939-14528
Veevus,14/0,Fluorescent Green,762820153280,939-15328
Veevus,14/0,Fluorescent Orange,762820153273,939-15327
Veevus,14/0,Fluorescent Yellow Chartreuse,762820153266,939-15326
Veevus,14/0,Gray,762820148569,939-14856
Veevus,14/0,Light Cahill,762820145292,939-14529
Veevus,14/0,Light Olive,762820157882,939-15788
Veevus,14/0,Olive,762820145308,939-14530
Veevus,14/0,Orange,762820148576,939-14857
Veevus,14/0,Pink,762820148583,939-14858
Veevus,14/0,Red,762820145315,939-14531
Veevus,14/0,Rusty Brown,762820148590,939-14859
Veevus,14/0,Tan,762820148606,939-14860
Veevus,14/0,White,762820145322,939-14532
Veevus,16/0,Black,762820145346,939-14534
Veevus,16/0,Blue Winged Olive,762820189234,939-18923
Veevus,16/0,Brown,762820145414,939-14541
Veevus,16/0,Dark Tan,762820148613,939-14861
Veevus,16/0,Dun,762820145353,939-14535
Veevus,16/0,Fluorescent Green,762820153259,939-15325
Veevus,16/0,Fluorescent Orange,762820153242,939-15324
Veevus,16/0,Fluorescent Yellow Chartreuse,762820153235,939-15323
Veevus,16/0,Gray,762820148620,939-14862
Veevus,16/0,Light Cahill,762820145360,939-14536
Veevus,16/0,Light Olive,762820157875,939-15787
Veevus,16/0,Olive,762820145377,939-14537
Veevus,16/0,Olive Dun,762820145384,939-14538
Veevus,16/0,Pink,762820153228,939-15322
Veevus,16/0,Red,762820145391,939-14539
Veevus,16/0,Rust,762820189227,939-18922
Veevus,16/0,Sunburst Yellow,762820189210,939-18921
Veevus,16/0,Tan,762820157868,939-15786
Veevus,16/0,White,762820145407,939-14540
Veevus,Power Thread 70D,Black,762820206849,939-206849
Veevus,Power Thread 70D,Brown,762820206771,939-206771
Veevus,Power Thread 70D,Chartreuse,762820206801,939-206801
Veevus,Power Thread 70D,Fluorescent Fire Orange,762820206818,939-206818
Veevus,Power Thread 70D,Fluorescent Hot Pink,762820206788,939-206788
Veevus,Power Thread 70D,Fluorescent Orange,762820206795,939-206795
Veevus,Power Thread 70D,Gray,762820206764,939-206764
Veevus,Power Thread 70D,Olive,762820206740,939-206740
Veevus,Power Thread 70D,Red,762820206757,939-206757
Veevus,Power Thread 70D,White,762820206856,939-206856
Veevus,Power Thread 140D,Black,762820158889,939-158889
Veevus,Power Thread 140D,Brown,762820158933,939-158933
Veevus,Power Thread 140D,Chartreuse,762820158964,939-158940
Veevus,Power Thread 140D,Fluorescent Fire Orange,762820158971,939-158971
Veevus,Power Thread 140D,Fluorescent Hot Pink,762820158940,939-158964
Veevus,Power Thread 140D,Fluorescent Orange,762820158957,939-158957
Veevus,Power Thread 140D,Gray,762820158926,939-158926
Veevus,Power Thread 140D,Olive,762820158902,939-158902
Veevus,Power Thread 140D,Red,762820158919,939-158919
Veevus,Power Thread 140D,White,762820158896,939-158896
Veevus,Power Thread 240D,Black,762820158988,939-15898
Veevus,Power Thread 240D,Brown,762820159039,939-15903
Veevus,Power Thread 240D,Fluorescent Chartreuse,762820159060,939-15904
Veevus,Power Thread 240D,Fluorescent Fire Orange,762820159077,939-15907
Veevus,Power Thread 240D,Fluorescent Hot Pink,762820159046,939-15906
Veevus,Power Thread 240D,Fluorescent Orange,762820159053,939-15905
Veevus,Power Thread 240D,Gray,762820159022,939-15902
Veevus,Power Thread 240D,Olive,762820159008,939-15900
Veevus,Power Thread 240D,Red,762820159015,939-15901
Veevus,Power Thread 240D,White,762820158995,939-15899
Veevus,GSP 30D,Black,762820198441,939-198441
Veevus,GSP 30D,White,762820149160,939-14916
Veevus,GSP 50D,Black,762820161148,939-16114
Veevus,GSP 50D,White,762820156908,939-15690
Veevus,GSP 100D,Black,762820148781,939-14878
Veevus,GSP 100D,White,762820148811,939-14881
Veevus,GSP 150D,Black,762820148842,939-14884
Veevus,GSP 150D,White,762820148873,939-14887
Veevus,GSP 200D,Black,762820148903,939-14890
Veevus,GSP 200D,White,762820148934,939-14893
Veevus,Body Quill,Black,762820158049,939-158049
Veevus,Body Quill,Brown,762820158117,939-158117
Veevus,Body Quill,Claret,762820158094,939-158094
Veevus,Body Quill,Fl. Chartreuse,762820160752,939-160752
Veevus,Body Quill,Fl. Hot Pink,762820158155,939-158155
Veevus,Body Quill,Fl. Orange,762820158179,939-158179
Veevus,Body Quill,Fl. Yellow,762820158186,939-158186
Veevus,Body Quill,Fuchsia,762820158131,939-158131
Veevus,Body Quill,Golden,762820158070,939-158070
Veevus,Body Quill,Golden Brown,762820158162,939-158162
Veevus,Body Quill,Hot Orange,762820158100,939-158100
Veevus,Body Quill,Lt. Olive,762820158063,939-158063
Veevus,Body Quill,Olive,762820158087,939-158087
Veevus,Body Quill,Pale Pink,762820158056,939-158056
Veevus,Body Quill,Tan,762820158148,939-158148
Veevus,Body Quill,Yellow,762820158124,939-158124
Veevus,Holo Tinsel S,Black,762820150432,939-150432
Veevus,Holo Tinsel S,Blue,762820150463,939-150463
Veevus,Holo Tinsel S,Brown,762820150401,939-150401
Veevus,Holo Tinsel S,Chartreuse,762820150548,939-150548
Veevus,Holo Tinsel S,Copper,762820150500,939-150500
Veevus,Holo Tinsel S,Cranberry,762820150418,939-150418
Veevus,Holo Tinsel S,Fuchsia,762820150487,939-150487
Veevus,Holo Tinsel S,Gold,762820150517,939-150517
Veevus,Holo Tinsel S,Green,762820150456,939-150456
Veevus,Holo Tinsel S,Light Purple,762820150449,939-150449
Veevus,Holo Tinsel S,Orange,762820150425,939-150425
Veevus,Holo Tinsel S,Pink,762820150388,939-150388
Veevus,Holo Tinsel S,Purple,762820150494,939-150494
Veevus,Holo Tinsel S,Rainbow,762820156311,939-156311
Veevus,Holo Tinsel S,Red,762820150531,939-150531
Veevus,Holo Tinsel S,Silver,762820150524,939-150524
Veevus,Holo Tinsel S,Teal,762820150470,939-150470
Veevus,Holo Tinsel S,Yellow,762820150395,939-150395
Veevus,Holo Tinsel M,Black,762820150258,939-150258
Veevus,Holo Tinsel M,Blue,762820150289,939-150289
Veevus,Holo Tinsel M,Brown,762820150227,939-150227
Veevus,Holo Tinsel M,Chartreuse,762820150364,939-150364
Veevus,Holo Tinsel M,Copper,762820150326,939-150326
Veevus,Holo Tinsel M,Fuchsia,762820150302,939-150302
Veevus,Holo Tinsel M,Gold,762820150333,939-150333
Veevus,Holo Tinsel M,Green,762820150272,939-150272
Veevus,Holo Tinsel M,Light Purple,762820150265,939-150265
Veevus,Holo Tinsel M,Orange,762820150241,939-150241
Veevus,Holo Tinsel M,Pink,762820150203,939-150203
Veevus,Holo Tinsel M,Purple,762820150319,939-150319
Veevus,Holo Tinsel M,Rainbow,762820156328,939-156328
Veevus,Holo Tinsel M,Red,762820150357,939-150357
Veevus,Holo Tinsel M,Silver,762820150340,939-150340
Veevus,Holo Tinsel M,Teal,762820150296,939-150296
Veevus,Holo Tinsel M,Yellow,762820150210,939-150210
Veevus,Holo Tinsel L,Black,762820150074,939-150074
Veevus,Holo Tinsel L,Blue,762820150104,939-150104
Veevus,Holo Tinsel L,Brown,762820150654,939-150654
Veevus,Holo Tinsel L,Chartreuse,762820150180,939-150180
Veevus,Holo Tinsel L,Copper,762820150142,939-150142
Veevus,Holo Tinsel L,Cranberry,762820150050,939-150050
Veevus,Holo Tinsel L,Fuchsia,762820150128,939-150128
Veevus,Holo Tinsel L,Gold,762820150159,939-150159
Veevus,Holo Tinsel L,Green,762820150098,939-150098
Veevus,Holo Tinsel L,Light Purple,762820150081,939-150081
Veevus,Holo Tinsel L,Orange,762820150067,939-150067
Veevus,Holo Tinsel L,Pink,762820150630,939-150630
Veevus,Holo Tinsel L,Purple,762820150135,939-150135
Veevus,Holo Tinsel L,Rainbow,762820156335,939-156335
Veevus,Holo Tinsel L,Red,762820150173,939-150173
Veevus,Holo Tinsel L,Silver,762820150166,939-150166
Veevus,Holo Tinsel L,Teal,762820150111,939-150111
Veevus,Holo Tinsel L,Yellow,762820150647,939-150647
Veevus,Mylar Tinsel S,Silver Gold,762820205255,939-205255
Veevus,Mylar Tinsel M,Silver Gold,762820205262,939-205262
Veevus,Mylar Tinsel L,Silver Gold,762820205279,939-205279
Veevus,Body Fuzz S,1 UV Black,762820206825,939-206825
Veevus,Body Fuzz S,2 UV Olive,762820206832,939-206832
Veevus,Body Fuzz S,3 UV Peacock,762820206863,939-206863
Veevus,Body Fuzz S,4 UV Blue,762820206870,939-206870
Veevus,Body Fuzz S,5 UV Tan,762820206887,939-206887
Veevus,Body Fuzz S,6 UV Chartreuse,762820206894,939-206894
Veevus,Body Fuzz S,7 UV Brown Stone,762820206900,939-206900
Veevus,Body Fuzz S,8 UV Copper Brown,762820206917,939-206917
Veevus,Body Fuzz S,9 UV Bright Purple,762820206924,939-206924
Veevus,Body Fuzz S,10 UV Golden Stone,762820206931,939-206931
Veevus,Body Fuzz S,11 UV Dun Grey,762820206948,939-206948
Veevus,Body Fuzz S,12 UV Clear,762820206955,939-206955
Veevus,Body Fuzz S,13 UV Orange,762820206962,939-206962
Veevus,Body Fuzz S,14 UV Pink,762820206979,939-206979
Veevus,Body Fuzz L,1 UV Black,762820206986,939-206986
Veevus,Body Fuzz L,2 UV Olive,762820206993,939-206993
Veevus,Body Fuzz L,3 UV Peacock,762820207006,939-207006
Veevus,Body Fuzz L,4 UV Blue,762820207013,939-207013
Veevus,Body Fuzz L,5 UV Tan,762820207020,939-207020
Veevus,Body Fuzz L,6 UV Chartreuse,762820207037,939-207037
Veevus,Body Fuzz L,7 UV Brown Stone,762820207044,939-207044
Veevus,Body Fuzz L,8 UV Copper Brown,762820207051,939-207051
Veevus,Body Fuzz L,9 UV Bright Purple,762820207068,939-207068
Veevus,Body Fuzz L,10 UV Golden Stone,762820207075,939-207075
Veevus,Body Fuzz L,11 UV Dun Grey,762820207082,939-207082
Veevus,Body Fuzz L,12 UV Clear,762820207099,939-207099
Veevus,Body Fuzz L,13 UV Orange,762820207105,939-207105
Veevus,Body Fuzz L,14 UV Pink,762820207112,939-207112
Veevus,Lucent Body,1 Black,762820207129,939-207129
Veevus,Lucent Body,2 Olive,762820207136,939-207136
Veevus,Lucent Body,3 Peacock,762820207143,939-207143
Veevus,Lucent Body,4 Blue,762820207150,939-207150
Veevus,Lucent Body,5 Tan,762820207167,939-207167
Veevus,Lucent Body,6 Chartreuse,762820207174,939-207174
Veevus,Lucent Body,7 Brown Stone,762820207181,939-207181
Veevus,Lucent Body,8 Copper Brown,762820207198,939-207198
Veevus,Lucent Body,9 Bright Purple,762820207204,939-207204
Veevus,Lucent Body,10 Golden Stone,762820207211,939-207211
Veevus,Lucent Body,11 Dun Grey,762820207228,939-207228
Veevus,Lucent Body,12 Clear,762820207235,939-207235
Veevus,Lucent Body,13 Orange,762820207242,939-207242
Veevus,Lucent Body,14 Pink,762820207259,939-207259
Veevus,PPTTT Kevlar,Natural,762820203640,939-203640
Danville,70 Denier 6/0,Beige,762820017988,939-01798
Danville,70 Denier 6/0,Black,762820017995,939-01799
Danville,70 Denier 6/0,Brown,762820018008,939-01800
Danville,70 Denier 6/0,Fluorescent Fire Orange,762820018015,939-01801
Danville,70 Denier 6/0,Fluorescent Green,762820018022,939-01802
Danville,70 Denier 6/0,Fluorescent Red,762820018039,939-01803
Danville,70 Denier 6/0,Grey,762820018046,939-01804
Danville,70 Denier 6/0,Light Olive,762820018053,939-01805
Danville,70 Denier 6/0,Olive,762820018060,939-01806
Danville,70 Denier 6/0,Orange,762820018077,939-01807
Danville,70 Denier 6/0,Red,762820018084,939-01808
Danville,70 Denier 6/0,White,762820018091,939-01809
Danville,70 Denier 6/0,Yellow,762820018107,939-01810
Danville,Flat Mylar Tinsel,Medium 12,762820052194,939-05219
Danville,Flat Mylar Tinsel,Small 14,762820054471,939-05447
Danville,Flat Mylar Tinsel,Large 10,762820054488,939-05448
Danville,Flat Mylar Tinsel,Fine 16-18,762820054686,939-05468
Danville,70 Denier 6/0,Adams Grey,762820055980,939-05598
Danville,70 Denier 6/0,Peacock Green,762820055997,939-05599
Danville,70 Denier 6/0,Dark Brown,762820056000,939-05600
Danville,Fine Wire,Gold,762820056222,939-05622
Danville,Fine Wire,Silver,762820056239,939-05623
Danville,Monofilament,Clear,762820066504,939-06650
Danville,70 Denier 6/0,Wine,762820079757,939-07975
Danville,70 Denier 6/0,Fluorescent Orange,762820079764,939-07976
Danville,70 Denier 6/0,Tan,762820079771,939-07977
Danville,70 Denier 6/0,Fluorescent Shrimp Pink,762820079788,939-07978
Danville,70 Denier 6/0,Fl Yellow Chartreuse,762820079795,939-07979
Danville,70 Denier 6/0,Light Cahill,762820079801,939-07980
Danville,70 Denier 6/0,Cream,762820079818,939-07981
Danville,140 Denier,Grey,762820157592,939-15759
Danville,140 Denier,Beige,762820157608,939-15760
Danville,140 Denier,Black,762820157615,939-15761
Danville,140 Denier,Brown,762820157622,939-15762
Danville,140 Denier,Cream,762820157639,939-15763
Danville,140 Denier,Dark Brown,762820157646,939-15764
Danville,140 Denier,Fl Blue,762820157653,939-15765
Danville,140 Denier,Fl Fire Orange,762820157660,939-15766
Danville,140 Denier,Fl Green,762820157677,939-15767
Danville,140 Denier,Fl Orange,762820157684,939-15768
Danville,140 Denier,Fl Red Cerise,762820157691,939-15769
Danville,140 Denier,Fl Shrimp Pink,762820157707,939-15770
Danville,140 Denier,Fl Yellow,762820157714,939-15771
Danville,140 Denier,Adams Grey,762820157721,939-15772
Danville,140 Denier,Light Olive,762820157738,939-15773
Danville,140 Denier,Olive,762820157745,939-15774
Danville,140 Denier,Orange,762820157752,939-15775
Danville,140 Denier,Peacock Green,762820157769,939-15776
Danville,140 Denier,Purple,762820157776,939-15777
Danville,140 Denier,Red,762820157783,939-15778
Danville,140 Denier,Tan,762820157790,939-15779
Danville,140 Denier,Watery Olive,762820157806,939-15780
Danville,140 Denier,White,762820157813,939-15781
Danville,140 Denier,Wine,762820157820,939-15782
Danville,140 Denier,Yellow,762820157837,939-15783
